{"food": 4.828459543647081e-05, "wood": 553872.402895298, "stone": 923120.6714921657, "iron": 9.656919087294161e-05}